{"dataset_path": "/home/mzp7/workspace/DSNN/ANNtoSNN/data", "dataset_format": "", "datagen_kwargs": "", "dataflow_kwargs": "", "model_lib": "keras", "path_wd": "/home/mzp7/workspace/DSNN/ANNtoSNN", "filename_parsed_model": "", "filename_ann": "gh", "filename_snn": "", "batch_size": 1, "sample_idxs_to_test": "", "evaluate_ann": false, "normalize": true, "percentile": 0.0, "convert": true, "simulate": true, "overwrite": true, "verbose": 0, "v_thresh": 0.0, "tau_refrac": 0.0, "v_reset": 0.0, "v_rest": 0.0, "e_rev_E": 0.0, "e_rev_I": 0.0, "i_offset": 0, "cm": 0.001, "tau_m": 1, "tau_syn_E": 0.001, "tau_syn_I": 0.001, "dt": 0.001, "simulator": "brian2", "duration": 0, "poisson_input": false, "num_poisson_events_per_sample": 0, "num_dvs_events_per_sample": 0, "eventframe_width": 0, "label_dict": "", "chip_size": "", "target_size": "", "reset": "", "input_rate": 1, "diff_to_max_rate": 0, "timestep_fraction": 0, "diff_to_min_rate": 0, "delay": 0, "num_to_test": 1, "runlabel": "", "open_new": true, "log_dir_of_current_run": "/home/mzp7/workspace/DSNN/ANNtoSNN/log/gui/", "state_pyNN": "normal", "state_num_to_test": "normal", "experimental_settings": true, "online_normalization": false, "normalization_schedule": false, "scaling_factor": 0, "maxpool_type": "fir_max", "max2avg_pool": false, "payloads": false, "binarize_weights": false, "custom_activation": "", "softmax_to_relu": false, "reset_between_nth_sample": 0, "filename_clamp_indices": "", "log_vars": "", "plot_vars": ""}